reviewId,userName,content,score,thumbsUpCount,reviewCreatedVersion,at,appVersion
5d71cf14-7b5e-492b-bcf1-0f45127f7a1f,A Google user,"Although I love the convenience and functions of the app I am finding it increasingly annoying as it crashes on multiple items daily. And even the cute dog with the 'Oops something went wrong our end' message is really getting on my pip!!! But for that it would have got more stars from me, the frequency that it crashes out is just far too often. Just hope they fix the bugs soon.",2,1,16.20.0.100,2018-11-07 07:05:09,16.20.0.100
66da2060-02ec-487c-8559-c32f444eb488,A Google user,Works well to buy from Amazon but three times over the past week it appears to have made duplicate purchases a day after the first. This might be due to issues with signal when making orders but I've now been charged for multiple extra items I don't need and that I can no longer receive due to where they were shipped to. Something to look out for as this has only started happening in the last week.,2,0,16.20.0.100,2018-11-01 19:53:27,16.20.0.100
bc7fca17-97a2-40dd-b350-7d3baf2502dd,A Google user,"Great app and easy to use. I prefer using over browsing on my laptop. I downloaded it a little over a month ago and I haven't purchased anything, but to browse is very convenient. However, I've recently found something I'd like to buy, but there's no ""Proceed to checkout"" option. Unless there's somewhere I need to go in the app or I'm not doing something, I can't find the prompt even when I go to view the items in my cart and confirm they're what I wish to purchase. Maybe look into this so I can purchase my items? Otherwise great app!",3,25,16.21.0.100,2018-11-10 01:23:38,16.21.0.100
3984905c-dede-486d-81e6-eb0b671b7ba4,A Google user,"While the App is great for finding specific items, it has got very awkward to use for browsing for ideas.  For example, just try finding the vacuum cleaners or the cordless phones section in the ""Shop by Department"" menu.  If you know the specific product you're after, there's no problem searching for it.  On the other hand, I do like the continuous product scrolling that I wish the main Amazon website had, especially when browsing clothes. The App also shows dispatch and delivery notifications, which is nice.",3,0,16.20.0.100,2018-11-08 15:02:31,16.20.0.100
4edce4f8-4d18-4048-9c1b-6f6f5a7befdd,A Google user,"The issue I have is that 90% of the time I can't even open the different color options or sizing, or just whatever. Many times the add to cart button won't do anything, or add to wishlist won't actually add it. Most times I can only use the app to browse products, and then I'll hop on the computer to add to cart or list once I pick what I want. This issue has been going on for a few months now, and just seems to be freezing up more.. I think it was a couple updates ago this started happening...",2,10,16.21.0.100,2018-11-12 06:28:58,16.21.0.100
f72934c6-635d-4050-95cf-941c8aa4bb0b,A Google user,"This app is as awful as it gets. It doesn't load properly, and when it does it can take minutes just to load one photo of an item. The sorting system is broken, leaving out options that fit my search criteria when I use a certain search filter. App crashes constantly and won't even let me press the back button without going to the home page at times. It's a nightmare trying to find the most basic things with this app.",1,1,16.17.0.100,2018-11-14 04:33:26,16.17.0.100
2e07d82f-83cc-484a-8c3a-173cf9e61d36,A Google user,"The Amazon underground app was 500% better than this until it lost support. This app is crash happy, and it's hit or miss if it will let me use a tray to make my lists. I have a lot of lists for school, work, activities, holidays, etc. And I loved being able to easily use the tray and change between lists to add something to one then something else to another. This app is super buggy and I'm very disappointed",2,2,16.20.0.100,2018-11-06 22:24:29,16.20.0.100
adf88b03-4311-4c2a-88c9-3ce954908af1,A Google user,"The app has a lot of bugs. When clicking on variations I see a message ""beep-boop-beep"", the variations don't load and I can't select another variation. When I click on different things and menu options sometimes nothing happens. I saw an ad with a 20% discount coupon, I clicked on the coupon but could not apply the discount. There are a lot of different bugs like this.",1,59,16.21.0.100,2018-11-16 16:23:22,16.21.0.100
5a063470-de7d-4f35-ad2b-3b8fdb4e4101,A Google user,"This is perhaps the most well-constructed, solid app that I absolutely refuse to use. For the last month I had it installed, every 2nd launch would greet me with a screen prompting me to sign up for Prime. Were it a marketing message, it would simply be annoying. However, someone chose to wrap their marketing in a cheap ploy to get users to accidentally sign up for Prime. The ad praises Prime's virtues, while implying that turning down the option is a poor choice. The options are presented using buttons that mesh with standard GUIs that users are accustomed to, with the yes option pre-highlighted. It would be all too easy to simply breeze by something that seems like another plain old marketing message, tap the first option, and not realise that one had signed up. Combined with the patronising wording of the ad, I am very much not inclined to allow this app on my phone. If I need something from Amazon, I'll be using the browser.",2,0,10.4.0.100,2018-11-18 21:51:49,10.4.0.100
5856bf0e-5bf6-4a83-a47b-02b38c6d7717,A Google user,"I kinda hate this app. It's a severely downgraded experience from using the website. You can't easily manage lists, you can't search for other people's lists, you can't manage your subscribe and save. The app doesn't launch when you click an Amazon link someone sends you. It's basically only for for buying things that you're actively searching for and nothing else.",2,7,16.21.0.100,2018-11-26 02:00:31,16.21.0.100
41f00c65-01e2-4c2d-a6a0-1b175ebd5701,A Google user,"I've ordered from Amazon a LOT in the past few years. Have been 100% satisfied with my service until this year. I lost my forklift key, which I need for work. I ordered some from Amazon and paid up for the fastest shipping they had available. I spent more than twice what the product was worth and it didn't get to me for SIX DAYS. Since I was in such dire need for the item I had to just grit and bare it. But man did they let me down..",3,2,16.20.0.100,2018-11-05 08:50:55,16.20.0.100
7a605880-ace0-4a79-a27c-a22ecdaa58a2,A Google user,"Shopping cart doesn't load properly. Initially shows me be a dozen items. If I wait long enough it might load 6 more, then 6 more, etc etc. Sometimes doesn't seem to be loading at all. A SHOPPING app that doesn't have a properly functioning shopping cart? Really, Amazon? I am so tired of Amazon's inability to create intuitive design minus functionality issues.",2,0,16.14.0.100,2018-11-11 17:32:15,16.14.0.100
4e5039ed-ce19-4f4e-8de2-cda54135b8aa,A Google user,"Love using it but it does feel like an outdated app looks wise. It doesn't support notches (I have a pixel 3xl) so there's just a black bar at the top, plus there's a lot of weird animations that don't really flow together. Would be awesome if they gave it a matireal theme overhaul but, since it's Amazon, we may never see that.",3,17,16.21.0.100,2018-11-19 15:21:28,16.21.0.100
f37d0a7c-d430-4276-9352-a183215eaaa7,A Google user,"First off I am very happy with my deliveries, usually come sooner than expected. When I am scrolling through items and click on an item that I want to view it pops up like it should, but when I click back it puts me in a different spot. Sometimes all the way back to the beginning. That's frustrating. But my biggest complaint is I am unable to get ahold of customer support. It keeps saying the call back service is unavailable at this time.",3,144,16.21.0.100,2018-11-15 00:26:52,16.21.0.100
27c5b98e-b982-4df6-a9dc-d28db2020e09,A Google user,"Amazon itself is phenomenal. If I have an issue with an order or something I bought, they work quickly to resolve my problem. Through the app I have been easily able to reach a live support rep through chat or phone. My problem is with the redesigned home page. No more ""pick up where you left off."" No more ""recently viewed."" Now it's just items they think you might like, or items that just happen to be on sale. This is a step backwards. It's been this way since a few updates ago, I think. I don't like it and I don't think it's useful. The home screen needs to be redesigned back to the way it was.",4,1,16.19.0.100,2018-11-01 16:33:31,16.19.0.100
f14f25f6-c0f9-449d-9b3b-fabe1d037eae,A Google user,"I am really unhappy with what seems to be a new delivery system. I have always received my order via USPS, FedEx, or UPS. I just recently started receiving from what seems like independent deliverers. I have not had good experiences with these independent deliverers. I don't want to order anything anymore because I usually have an issue with the delivery. I don't think I will use Amazon for my shopping if this keeps up. I am really disappointed in this way of delivering. I have always enjoyed shopping with Amazon but will not continue with the way it is going üòî",2,4,16.21.0.100,2018-11-27 17:15:49,16.21.0.100
e2c7a855-ee68-419d-ae6b-409e5b1df4d8,A Google user,"I have been a prime member since the beginning. All their applications have gotten terrible. Their customer service is horrible. Can I get one person that speaks english clearly? From my experience no. Even explaining simple issues is impossible. Their English comprehension just isn't adequate enough for problem solving. I get out for delivery notifications and nothing comes then they send me out for delivery notifications 10 days later for the same items. Call in to ask about what is going on and the answer is always ""I don't know"". Well I will spend my money somewhere else. All services are canceled.",1,2,,2018-11-18 18:18:57,
d27da0c6-33d0-4a04-aa0f-4cb04bf771e3,A Google user,"The app isn't bad, just Amazon. Purchased 4 items, returned 1 due to being listed wrong (refunded). Try to return another due to an in correct answer to a question. When I tried to return it, they said to destroy the item and we will refund you. They refunded me the incorrect item. When I tried to fix this, they wanted proof of the the again destroyed item, it was already thrown away. Had to argue with them about getting the difference refunded back. They eventually gave me the full refund back for the item. 2 orders, 2 problems, never ordering from this site again. eBay is easier to deal with.",1,31,16.21.0.100,2018-11-25 16:11:50,16.21.0.100
7e49ed67-9a62-4109-b62e-0ceb2818ed26,A Google user,"Awesome app. If you use Amazon often, this app is for you. If you use the app alot, I would suggest also buying the Prime membership. You get a free music service(similar to Spotify) , a free movie/TV show service(similar to Netflix, and cheaper) , discounts on some items, 2 day delivery, and often, free delivery. It's about $100 for a year, but it's easily worth more.",5,19,16.21.0.100,2018-11-25 01:10:19,16.21.0.100
5a927056-9251-4b19-89cd-f43d6c4d5e2c,A Google user,"Amazon was ALWAYS my first place to shop until about a few years. I've even referred multiple people to Amazon over the years. The past few years ordering from Amazon have been TERRIBLE. Some products I have received have been damage, misleading or not functioning & returning things is A COMPLETE HEADACHE, even if you're not at fault. I am DEFINITELY going to start shopping the old fashioned way again & I will DEFINITELY spread the word about how terrible Amazon has gotten, such a disappointment.",1,6,16.21.0.100,2018-11-20 14:30:06,16.21.0.100
5aef02f6-c64d-46b2-babd-c89a1d525afe,A Google user,Prime it's pretty awesome. Review system tends to be a bit misguided as sometimes isn't for the exact product your buying. The app is pretty solid otherwise. Never had any issues with it or buying stuff from it. Would be nice if the Canadian version was as good as the one for the states. Would be nice if they have a new look to the app.,4,3,16.6.0.100,2018-11-10 05:55:57,16.6.0.100
d7007ff1-4507-474a-8ce6-329d4a336faf,A Google user,"App is super buggy. Have to hit ""add to list"" literally 20+ times to add an item to a wish list but of course ""add to cart"" works just fine. Constantly get ""uh oh, something went wrong"" and have to search again. Looking for help redirects you to a forum with no answers or recourse. Terrible experience from such a large company, especially since I pay for Prime. To many permissions! Amazon has no business knowing who I call or text! Uninstalling this data mining app because it doesn't even do what it's supposed to.",3,11,16.14.0.100,2018-11-10 09:32:03,16.14.0.100
1fdd8131-803d-4dc9-84c6-a5b098481bde,A Google user,"I've been trying to contact amazon due to a problem we're having with the app and our prime account but there's no way to have a one-on-one chat help. Everything there is are preanswered questions (none that helps our problem). The ""chat"" help doesn't let me type just give me options to explain my problem and none of them help. It's frustrating and my shopping experience is horrible. We ordered a lot from amazon but now we don't see the products as we should so we can't place orders anymore.",1,0,16.20.0.100,2018-11-06 15:36:37,16.20.0.100
2fa2169d-d67b-4299-a0b4-fd9d55ec5564,A Google user,"Useful app, definitely. I can get a lot of goods I need, and with Christmas coming up, I am planning to use Amazon for a lot of its shopping. The only problem I have is that it can feel very clustered at times. I feel like the layout could be significantly improved. Other than that, a great app.",3,14,16.21.0.100,2018-11-15 07:02:42,16.21.0.100
56cd9f28-1685-4c4b-aba6-6165a2dba30f,A Google user,"Amazon used to have a feature where you could contact the seller about your purchase. Now they have intentionally made it to where you can't contact anyone whatsoever about an issue with your item. I think the seller can choose whether or not they will allow a return free of cost or if it will be at the buyers cost. There is no exception, doesn't matter if the item comes completely destroyed, if they have it set for the seller to pay then you will have to pay for the return. So irritating and I hope they fix that soon, you should be able to contact the person you are buying from !!!",2,20,16.21.0.100,2018-11-12 01:20:51,16.21.0.100
022648f2-defc-4bc7-b499-bf08cd1281d2,A Google user,it's a great game and I've had no issues so far my only complaints are that the tutorial is too long especially having to go through it with each character and that it gets boring I think there should be a different outcome in the storyline for each character or something like that. all the extras are great it definitely keeps you busy and playing more although admitting it can get boring after awhile. overall it's a great game and I recommend it,5,2,,2018-11-13 19:15:26,
8cc5e7a4-978a-4355-964f-4ca621feb757,A Google user,I'm extremely upset with this app now. I ordered Bluetooth headset 45 days ago. It was supposed to be delivered in a week. I don't get an option to cancel the order. The only option I get is to return!? How am I supposed to return an item which is lost in their transit system? Plus they are not allowing me to give reviews of that product!,1,0,16.15.0.100,2018-11-14 20:32:27,16.15.0.100
56f94c88-e61a-4790-83dd-70b18c2aedc4,A Google user,"It is the same as the webpage. But as it is an App I would expect more security i.e. if I want to buy something ask for a fingerprint. It's easy for the user at no extra hassle, but with today standard. However, I guess it would not be economic as user might have the chance of extra two seconds to think about there order.",3,4,16.21.0.100,2018-11-15 15:37:48,16.21.0.100
e1469bd9-1a78-4afd-8da5-0c6461e9190f,A Google user,"Can't use item warranty as Amazon removed old buy history quickly. Can't trace sellers of dangerous items, or if want to buy a new after a year or so. It also company violate local laws. Amazon opening local shops here, so better follow laws then. I've used Amazon since late 90s with different accounts. The feedback system mostly fails as rigged in a certain way. Sends pens in s paper box, were corners opens if flattened, yes pens fall out during shipping, got new free, with same issue. Got the correct number in the end, but still, boxing always been questionable with Amazon.",3,19,16.21.0.100,2018-11-09 14:43:24,16.21.0.100
576166d9-51b2-4cf6-8cb4-dd634ff66e9c,A Google user,Worst customer service experience of my life. Was tranfered back and forth from Canadian adviser to American side.. on hold for over 30 minutes at a time... my time is important too. All to update a credit card so I wouldn't lose my services even though I'm not due for renewal until Jan 2019. I had to update credit card or lose my services I already paid in advanced for??.. There are many more on line shopping sites. Offering deals just as good.. time to move on.,2,7,16.20.0.100,2018-11-03 12:48:32,16.20.0.100
97798aa5-f52e-4db9-8c2d-41c43b7d99f9,A Google user,"Most recent update sucks on my galaxy Note 9 every few minutes while I'm doing something on my phone, a popup comes in the middle of my screen letting me know Amazon app has stopped working and I have 2 clear that in order 2 continue doing what I was doing prior, then just as I get back 2 what I was doing another alert pops up asking 4 permission 2 close Amazon app since it stopped working a few minutes earlier. It's annoying and has me seriously considering uninstalling it which then means I'll close my Amazon account since I won't have way 2 access Amazon's products.",3,7,16.21.0.100,2018-11-17 19:39:07,16.21.0.100
261ddad2-62ef-44a1-b06c-97fea8dc47d7,A Google user,"I am an active Amazon prime member and basically everything I order is somehow messed up weather it be the delivery date or the items I've ordered being delivered to the wrong house. I've lost money ordering from Amazon and I'm sick of it, I would not recommend Amazon to anyone it's a waste of time and money. Would rather walk an hour to buy something over ordering from Amazon.",1,0,16.21.0.100,2018-11-18 04:39:33,16.21.0.100
8c08a847-89b4-45ab-a66f-df0c530c3ef6,A Google user,"The ""free"" 5$ is a trap, thought it was a kind gesture to get your bloated app onto my phone. But you have 30 days to make a purchase after you claim it. Considering you can wait and claim it anytime it's kind of absurd Other then that the app is fine and runs smoothly, I wish the product camera was optional though.",3,9,16.21.0.100,2018-11-23 00:24:48,16.21.0.100
4b5d57d1-2a8a-47b1-879f-2e9de0e39998,A Google user,"I've put off updating the app for a while, and now that I have; the app doesn't register that I've updated. I have to go to the play store and open the updated version from there every time. Uninstalling the update doesn't help, and there's no longer an option to uninstall the whole app and try again. I now use the app less than ever.",2,1,16.20.0.100,2018-11-04 18:28:47,16.20.0.100
35713385-b669-42ae-8bf2-115e1ecdfc0d,A Google user,App is sluggish and times out constantly when trying to view an enlarged view of a desired item. The original Amazon app was much better! I've tried uninstalling and reinstalling... still much of the same. This has been the result of Amazon's last 3 updates. Running Samsung Note 8.,2,0,,2018-11-06 02:20:05,
5ebc8a75-0c59-4cd6-b5f2-c61a9ce3a18b,A Google user,This app has some great deals but there are just too many down sides like it's my first time using it so I am not sure how to order things and it took me three months to figure out how to actually order things so there should be something that pops up once you create an account and ask would u like to go through a tutorial on how to properly order things that would be highly appreciated,2,1,16.21.0.100,2018-11-16 13:23:47,16.21.0.100
761fb7e2-ba3f-430a-898f-3b36dc57e9ca,A Google user,"Signs me out literally every time I use it no matter what I do and has done so for months now. The app has also recently started crashing upon the first attempt to log in. Other than that, it works fine, but it takes a minute to log in every single time I open the app - galaxy s8+",2,9,16.21.0.100,2018-11-28 05:57:25,16.21.0.100
260f3255-a57f-4416-a986-e05e3c433154,A Google user,"Latest update ruined the touch portion. With all 3 Android phones, there is really bad responses from pressing any buttons on the app. Uninstall/reinstall didn't help. All different phones. All updated. It is only with this app that there is a problem.",1,13,16.21.0.100,2018-11-19 23:04:06,16.21.0.100
06633258-70dc-48f0-91f2-e3cb41d0abe5,A Google user,"The Black Friday deals is unnavigable. It's almost impossible to find what you actually want. Supermarkets constantly move their inventory so you have to wander around to find what you want. Amazon is doing this digitally... Seriously Amazon, as a usable filter. Prime cancelled.",2,7,16.21.0.100,2018-11-21 22:04:44,16.21.0.100
813fe5e5-dcaf-4bd6-a249-7c659cce228c,A Google user,"The filter option is rubbish. There were 30000 different mp3 players, so I filtered by price low to high and it reduced it to only 13, all of which were not the cheapest ones. Going back to normal Amazon on the internet.",1,19,16.21.0.100,2018-11-25 20:23:15,16.21.0.100
4c130bd8-2adf-4a27-b747-68944c68d670,A Google user,"Despite buying ebooks, they do not show in a 'orders' and 'content and devices' sections. There is no way to manage anything from the level of the app and I have to do it on PC or browser in my phone. Most of the books are not available to purchase through the app.",2,0,,2018-11-29 04:13:04,
2670a5b7-6813-4183-9de4-c44607783770,A Google user,I placed an order for two items and then tried to cancel them just 1/2 hour later. Amazon said it was too late. No problem. That was my last order from Amazon. I cancelled my prime membership and tore up my card. You lost a multiple thousand dollar a year customer.,1,0,,2018-11-16 12:48:44,
41a8d4df-9cd4-464b-9867-d6a25cc0adbb,A Google user,"I wouldn't order anything from Amazon using your credit card or debit card, my friend ordered one item from them and someone got her credit card numbers and used it to buy 61 items, when she found out that this happened she contacted Amazon and they refused to take care of the problem, so, I will not be shopping for anything at Amazon this year for Christmas, I just decided to delete it from my smart phone. If I could give it less than a one I would, it's Amazon's fault this happened and they should make it right with her. That to me is bad business !!! If you agree with me boycott Amazon ..................",1,0,,2018-11-25 13:35:46,
994399b0-8c98-486c-82b5-041d50d9bcea,A Google user,"So far I have ordered everyone's Christmas (and my own) with in a two day span . It's easy quick and it's a safe website . I'm hooked as a fashion freak , I can buy cloths that look like big bucks and only spend a little . And the quality is honest in the products descriptions ... It's a very honest shopping site that I go to all the stinking time",5,1,16.21.0.100,2018-11-28 01:24:36,16.21.0.100
6467ef92-8410-4922-988c-97cd1e92927a,A Google user,"My only issue with this app is that currently I can't seem to get into the app, it's not opening. Generally I don't have any issues but once in a while this happen and it was be very frustrating. This needs to be fix asap",3,9,16.21.0.100,2018-11-21 00:42:55,16.21.0.100
02c6b350-4820-4642-8ff3-bfc94a6f12fe,A Google user,"My package of diapers for my baby was supposedly handed off to me, however I never received anything. I do t have the money to keep buying items that im not going to end up receiving. Plus the contact us section of the app doesnt seem to work. At this point i would not recomend this app to anybody. Ebay seems more reliable to me. Good luck not recieving your packages.",1,2141,16.21.0.100,2018-11-15 01:17:03,16.21.0.100
b643bb3f-325b-40f1-a8d1-72368c79a968,A Google user,Warning!!! The Amazon app is a HUGE Mobile Data Hog! It consumed 1/2 a gigabyte of my data in 30 minutes of shopping for Black Friday deals. Whereas my Browser used a fraction of the data the day before! Amazon needs to provide some data savings settings within the app! I'm uninstalling ASAP!,1,0,16.20.0.100,2018-11-15 17:41:25,16.20.0.100
3cf41553-de49-498e-8669-018aa37309c1,A Google user,"Be careful what you buy and if your ordering on a deadline screen shot the quoted delivery time because they take your order telling you one thing, then when they realize they can't fulfill your order then send you and email with a completely different date and when you try to go to customer service they tell you to refer to your email confirmation and basically dont care your were paying for and depending on a quick delivery. Customer service was a joke. If I decide to order from them again and that's a big IF I will screen shot every step of my order so when this happens again (and it will because this isnt the first time) I will have proof and will see what they have to say about their false advertising then!",2,2,16.20.0.100,2018-11-20 03:27:52,16.20.0.100
c3cbbbfa-f9fa-4630-8081-22c51a4216d1,A Google user,All is well except for the fact that it takes too long for the app to open when I click on it from the notification centre. Also there is no category for hairdressing.,4,0,16.21.0.100,2018-11-23 11:38:53,16.21.0.100
e4801d9f-db66-4e91-b9ee-e6fcca12e5b0,A Google user,Hate shopping for something using the filters (not specific enough) and seeing items that have to business being in my search. Example . Looking at car parts and seeing kids clothes or toys etc. Very annoying.,5,5,16.21.0.100,2018-11-12 06:08:27,16.21.0.100
84e9dca1-3588-4a10-ae94-2b754c6d3ef6,A Google user,"I have used this app for only 10 minutes. I tried to check out and purchase my items and already this app is malfunctioning and won't let me proceed after selecting a shipping method. Pretty annoying, deleting app now, don't need this thing wasting storage. Waste of time.",2,5,16.21.0.100,2018-11-26 09:14:43,16.21.0.100
1bce3508-d0b4-4b55-9db3-f5ab98b841b7,A Google user,"Constant problems with pages loading, seeing pictures, responsiveness, etc. Complete trash coming from a huge company. I'd expect something this broken and clunky from a startup with no investors.",1,5,16.21.0.100,2018-11-15 19:21:04,16.21.0.100
34b1675c-a2fe-454e-be8f-e858e88d03ba,A Google user,I order 5 things 2 weeks ago and only 2 of them showed up. They both arrived late. And i had to reorder 1 of them items. Then i had to order the other 3 items again. Since they got since back. And when i called and talk to someone noone knows why it got sent back. And i never recived the last 3. Amazon jas gone down hill. I used to love shopping here but now i wont,1,1,16.14.0.100,2018-11-29 09:36:07,16.14.0.100
b9a3af49-b992-4122-8e24-4145e009ddce,A Google user,"All of the amazon apps have suddenly quit working on my samsung phone. Amazon shopping, music, and audible. I hope you fix this soon. I can't listen to music or audio books.",3,0,16.18.0.100,2018-11-05 03:33:08,16.18.0.100
2b5ec654-f154-47f7-88e0-4bd9dd4e6981,A Google user,Terrible app. Never listens to or acknowledges feedback. The swipe-right menu is a disaster. The app icon is ancient. It's clunky and crashes on high-end phones. You're better off on the main website! Shame,2,2,16.14.0.100,2018-11-04 22:44:22,16.14.0.100
86444c36-a53c-42b9-914f-6307bf453084,A Google user,"They're just a thieving company... How do you just lock an account for redeeming a gift card... I faxed all the info required but yet my account still remain locked... Your customer service is the poorest, I keep writing emails and never actually get one back even though the automated email reply tell me a customer support will get back to me within six hours. & also I called 6 times but they all seem to say the same thing about being reviewed, until I finally gave up on you lot. Just thieves. That's what you are. I hope someone with a big name takes this up on you soon",1,4,16.18.0.100,2018-11-12 13:33:37,16.18.0.100
2212cc98-0cec-43e5-99c2-89b21b14b5fc,A Google user,"For the most part it works. That part that is very broken is the country filter. When I select deliver to a certain country, don't show me items from sellers that wont deliver to my address. It's not difficult",1,2,16.20.0.100,2018-11-03 14:07:19,16.20.0.100
d2d4bb49-ce06-4522-a102-cad8c5e149f8,A Google user,"Sluggish even on wifi w/no other apps running. Pages change slow, pics load annoying slow. If possible it's better to use a web browser, but when all else fails, this app will do.",3,0,,2018-11-13 06:16:27,
64417687-62f9-4d5f-b362-bbc830d0c65d,A Google user,Love it handy as anything. And anything you can think of they have it or that source it for you. Must get app with prime membership as you get better offers and deals not to mention access to more items as well as other apps and free membership with certain Amazon apps that are maybe equally useful depending on what app.,5,5,16.21.0.100,2018-11-15 12:15:11,16.21.0.100
6565a5ac-4a23-49d5-94c2-2c9e01302aca,A Google user,Leaves much to be desired. I prefer Search to Browse. Search does not offer brand categories. Especially on Prime Day and Black Friday there are no options to search the deals in preferred categories. Hard to find & compare REALLY similar items.,2,10,16.21.0.100,2018-11-23 22:33:24,16.21.0.100
5aa6fe59-7b8b-42ac-b1be-32aeb3ff3943,A Google user,Amazon used to be great with customer service. It seems there are getting so big that they care less and less. The app used to be easy to contact and receive help. Now is almost impossible.,3,0,16.20.0.100,2018-11-12 17:40:14,16.20.0.100
608caa7c-ce5e-4213-a710-99114a436806,A Google user,The app is great but one issue that has developed and makes it impossinle to use anything i search it a screen with a dog shows up and says uh oh somthing went wrong on our end and i can never look anything up and im using wifi and nothing is wrong with connection plz fix this issue,3,5,16.21.0.100,2018-11-10 11:34:24,16.21.0.100
58a625b4-5ea2-4f0a-add8-1a63df4fb885,A Google user,"I do not want to see notifications for ""Giveaways"" or any other promotional announcements. I just want delivery updates and that's all. Since I cannot filter those notifications out, this app is a source of spam.",1,1,16.21.0.100,2018-11-25 00:53:42,16.21.0.100
ff3cb9fe-dcdf-41d0-ac89-0948c18890af,A Google user,I am constantly told that the app has stopped working unexpectedly so I can no longer use this so have deleted it. I tried deleting it first and then reinstalling but this did not work as well guess I'll have to stick with the mobile site!,1,0,,2018-11-24 22:40:32,
1cc31c7c-a69e-41a1-b405-b3614f9e9377,A Google user,"Keeps crashing. If I see the error message with the dog saying ""uh oh"" again I'm gonna scream! Its been this way for over a month and uninstalling and reinstalling hasn't changed anything.",1,13,16.21.0.100,2018-11-27 22:30:41,16.21.0.100
aa739141-ef41-4d92-89c8-a3873dac5428,A Google user,"App continuously ran unbelievably slow, most often freezing my entire phone! Affected every other app on my phone also, once removed, my phone ran great again and I FINALLY was able to BEGIN purchasing all of the things I have been trying to purchase all day, but this app held me up.",1,0,,2018-11-27 03:09:38,
234227fa-7df8-4705-afd4-03877434f638,A Google user,"Used to be seamless, now it's a pain. It crashes often ""something went wrong"" or it closes entirely. Doesn't always show the best offers or the most appropriate product for my needs",3,1,16.6.0.100,2018-11-14 23:46:08,16.6.0.100
5585b845-6168-4b15-8877-ea39672709ae,A Google user,"Amazon as a company, in my opinion is hard to beat. BUT the app is always glitching. Well ever since the updated app came out some time ago. I REALLY hate it and get so frustrated. Uninstalling, installing over and over. PLEASE AMAZON FIGURE THIS OIT AND FIX. thank you!",3,73,16.21.0.100,2018-11-25 20:40:50,16.21.0.100
eaeab7a1-d2af-42f2-89d4-180f9d6ed135,A Google user,"Does not show up on my recently used apps, so any time I switch apps I have to try to find where I left off again. Impossible to find lightning deals that I'm watching without the notification. Also doesn't support Amazon smile.",1,11,16.21.0.100,2018-11-23 15:07:47,16.21.0.100
37f3bceb-efc1-4e38-8b59-42e9c3cb95ce,A Google user,Still trying to cancel an item and getting the run around. Also what is up with your prime accounts auto charging our cards and auto renewing for $100.00 a year!? Maybe you should ask first...used to like the app - dont anymore- can't be trusted-,1,25,16.21.0.100,2018-11-30 12:17:34,16.21.0.100
0018cd72-00bc-40b6-826e-47cdc0667204,A Google user,Keeping up with eBay I would guess. As they deal with a lot of venders I'd recommend being more strict on product description. A good general store but don't be discouraged if you can't find a specialist product cheep. P.S. fabulous for browsing ü§°,5,0,16.21.0.100,2018-11-10 19:45:02,16.21.0.100
a9ec801e-8a8e-4671-a1cd-19d8b902eaf1,A Google user,"the app has been annoyingly buggy for a while, but the last few days it does little else but crash on me any time I want to search for anything. it's OK when it works, but this mess makes it hardly usable",1,12,16.21.0.100,2018-11-22 09:31:48,16.21.0.100
49c31f79-689d-43b8-9b64-f89d53900d13,A Google user,"Nice app, but doesn't do one of its main functions... take you to items when you select them for weeks now I've clicked an item that is on sale and it's taken me back to the home page. Not what you'd expect from a company like Amazon.",2,0,16.21.0.100,2018-11-30 00:23:03,16.21.0.100
2b1920be-cb15-41e6-8cde-bef48dd5144b,A Google user,"Dear Amazon, your app works great but it really sucks that I can't leave reviews because I'm on a free trial of prime. I've purchased a lot with and without prime. I'd like to be able to review the products especially since my reviews are honest and not biased like those from people who get their $h*+ for free.",3,14,16.21.0.100,2018-11-08 21:18:30,16.21.0.100
9d1b3d20-5842-4f33-9118-2effe067a4ff,A Google user,"The Amazon app is a very sensible app, like it understands what you really want and gives you the best options. I love the free shipping and the interactive Alexa. I love the daily updates on the position of my shipments.",5,4,16.20.0.100,2018-11-04 13:47:15,16.20.0.100
3976e65a-a5ce-4274-a850-b60641808e24,A Google user,This app crashes on me quite a bit. It's also set up a bit confusingly and can be extremely slow sometimes. I expect alot better from Amazon.,2,1,16.20.0.100,2018-11-07 03:25:06,16.20.0.100
95fab042-d8c1-4dd1-a34f-b928eddbae72,A Google user,"Useful service, broken application. Unable to launch the app on my device, as it now crashes on boot after the last update. Clearing the data/cache does not fix the problem.",2,22,16.21.0.100,2018-11-10 05:33:48,16.21.0.100
353a28d2-2f6f-4bdc-b438-2114bc8beebe,A Google user,"I paid for 5 day shipping not 5 to 10 day shipping. I work at FedEx and they are a lot better at the game than Amazon anyways. Might have to delete this app I haven't got a package that was supposed to arrive November 10th, it is now the 12th. Don't suggest this app for ANYONE.",1,20,16.21.0.100,2018-11-12 23:37:00,16.21.0.100
f56ae1a3-cf16-4cf8-967e-9b73f88d794d,A Google user,I like the Amazon music service and use it daily in my PC but this app just isn't competently made. Freezes or crashes all the time. I will uninstall it until it runs more stable,2,10,16.21.0.100,2018-11-22 11:03:29,16.21.0.100
4876a14d-8b12-448f-9bc3-f87659192142,A Google user,"Yes very functional, very convenient..good app when its time to pay for the order..but when it comes to delivery.. it' a 0.. very bad service.. what to bother have o be a prime member.. when things not deliver it on time..or promised,.. be waiting for autel scanner..since saturday 11/10/18.. and still don't have it.. by the way today is 11/13/18 and my order was since 11/7/18..i guess being a prime member is not good as they tell it is..",2,16,16.21.0.100,2018-11-13 19:21:45,16.21.0.100
880cb87c-85fc-4989-89eb-f5095567c1c2,A Google user,"Great way to order and keep track of my packages. Been ordering through amazons for years and i have never been disappointed. Every package has arriver on or before the time, in perfect shape/condition.",5,0,16.21.0.100,2018-11-26 13:40:27,16.21.0.100
c318ca08-b6bd-45e4-bca4-aee8414adc72,A Google user,"Easy, quick, and simple. Find what you want, purchase, and track within minutes. Seriously it's no hassle, just makes online shopping stress free and enjoyable.",5,0,16.21.0.100,2018-11-16 23:13:36,16.21.0.100
9d264984-0a22-4f12-ae32-9843c01930a6,A Google user,Way too many ads. It's incredibly hard to find information on products and the layout is terrible. Better to just use the website with an adblocker.,2,3,16.21.0.100,2018-11-27 02:42:13,16.21.0.100
5cd3659f-ade5-4e95-84a6-b090a8c6443e,A Google user,"I cannot even use my app anymore. Anytime I try to go to any page on there, I get a picture of a random dog and it says ""uh oh, something went wrong on our end""...I usually have to press something about 5-10 tomes in order for it to actually go to section I need.",2,0,16.21.0.100,2018-11-29 03:08:56,16.21.0.100
db4a6774-f4b7-476f-950c-5427d54ce9be,A Google user,Amazon is great. But the app keeps having issues. For the last few months I have been unsure of when the app will actually open up and when it just won't at all,2,2,16.21.0.100,2018-11-23 22:08:34,16.21.0.100
882db23d-a436-40e3-96b2-aa4aded52a48,A Google user,Terrible. App changes order of items added on the wish list at anytime it likes. And its hard to reorder the list. And no way to sort by date added. Poor backed as well,1,3,16.21.0.100,2018-11-17 00:50:51,16.21.0.100
0a50d9c2-37b4-41b4-b008-d0035ebcffb4,A Google user,Forces unnecessary Password Change! Every time I log out I have to change my password because it locks me out. Then I go on and it locks me out saying its wrong. I change it yesterday. It worked logged in and out. Try this morning. I'm about to get locked out again. This happened when I was using prime. Its AGGRAVATING AND REALLY MAKES ME NOT WANT TO USE YOUR APP. now I hAve to change my password again!,1,1,16.13.0.100,2018-11-08 11:59:25,16.13.0.100
6bbc9ba8-84fa-4b73-bda3-f2f1ae7e9b5a,A Google user,"Amazon has missed every order I've place as a Prime member in the last month. Their new mobile app has a dumbed down tracking section that has virtually no information on it. I've had Amazon customer service reps straight up lie to me in the last few weeks as well. Not renewing Prime; as a Canadian, it's not worth it.",1,4,16.20.0.100,2018-11-08 14:23:44,16.20.0.100
69ca2203-5be0-46e7-b824-5e7e3e38b7ee,A Google user,"This app ALWAYS logs you out and forces you to resubmit your login credentials. If this weren't bad enough, it also forces you to use 2FA every time too because it doesn't ""remember"" the browser.",1,0,16.21.0.100,2018-11-28 15:29:20,16.21.0.100
ab5af91e-9e93-43ac-8790-157df76bd064,A Google user,"couldn't get past the shipping cost screen, pressing the continue button litterally did nothing. so I couldn't order anything. this app was a COMPLETE waste of time. richest man in the entire world, can't wait afford to get his companies app working...",1,0,,2018-11-02 20:24:00,
55012068-6e86-41bc-870b-88ee1a0d5e16,A Google user,"Great place to find what you need at a bargin price,has tracking for items that you buy. Also get money back if you didn't get item or did not order. Love it.",5,0,16.21.0.100,2018-11-28 21:35:25,16.21.0.100
1d6eee07-edad-46d6-9187-8d59d997a10e,A Google user,I can't seem to use the app anymore. It will generally complete a search but then return an error when trying to load the item in interested in. This is unique to the Amazon app.,2,1,16.21.0.100,2018-11-23 17:58:01,16.21.0.100
75ffe5fc-ad1f-4f0c-b92e-c2aa892fc032,A Google user,"Well i think it needs to explain in laymens terms if your using a prepaid card, your order is only charged when your item ships. Then your card will be deducted. Other than than that, I enjoy Amazon!!!! A+++",5,0,16.02.0.100,2018-11-26 02:46:21,16.02.0.100
af9d1c67-42d8-4d3d-abbe-561a1cc0f3b1,A Google user,"Good service, but after 3 years across multiple devices (android and iOS) I'll have a bug where the app opens, but doesn't actually open and I am still on my home UI",3,2,16.21.0.100,2018-11-25 17:18:34,16.21.0.100
fe9a8998-f3f9-425d-aa53-a53f83f23ad7,A Google user,I can't tell if it's my phone or this app but I have to press a button multiple times for it to actually work. I've tried re installing the app but its still doing this and its incredibly annoying.,3,3,16.21.0.100,2018-11-25 23:21:40,16.21.0.100
25e54f46-4f57-4d63-868a-a1c615cafccd,A Google user,"It's a good shopping site, but sometimes I don't get accurate orders, nor do I get great results when I try to send some wrong orders back. Other than that, no problem. üëçüëç",4,0,16.21.0.100,2018-11-29 16:07:59,16.21.0.100
9341b20d-b338-4ec6-97f4-5e818c4e6288,A Google user,Love Amazon!!!! They have always been good to me and helped me whenever I needed it. Never had a problem with returning anything or getting a refund. I will always be a satisfied Amazon Customer!! Thank You Amazon!!!!!,5,0,6.1.0.100,2018-11-11 00:51:58,6.1.0.100
4a63471a-721c-410b-9ae0-2e45b5982720,A Google user,Unhappy with the app because it does not work well with Kindle unlimited if you try and obtain a free book and still have space in your library with this app it borrows the book for free instead of letting you buy the book for free for me this is a big issue and problem.,2,0,16.21.0.100,2018-11-26 15:51:37,16.21.0.100
9422ad60-894f-46ed-8777-bcccb1e40bb4,A Google user,Just can't keep supporting a company that treats their people the way Amazon does (even at the cost of price/convenience). Cancelled my long term Prime membership and uninstalling the app.,1,0,16.20.0.100,2018-11-04 00:24:29,16.20.0.100
a0d7b356-a636-437d-954f-29d0962fd469,A Google user,Yes Amazon I get it. I can get two day shipping with amazon prime. Now stop reminding me EVERY time I open the app. I'd give more stars but their amazon prime ad is annoying.,2,19,16.21.0.100,2018-11-16 02:05:41,16.21.0.100
0181e842-301a-4015-b906-8e0b04e748fc,A Google user,Amazon Prime isn't prime anymore. More than 50% of items are delivered late when Prime. I received a Prime item 2 months later. The app needs to offer a did not receive option.,3,0,16.21.0.100,2018-11-20 00:56:54,16.21.0.100
0061e043-389f-401e-9c91-2233625bc22c,A Google user,All it does is push what they want you to buy. Sucks navigating to items. If Amazon doesn't have a connection it's not bad. But if your looking at a tablet you'll have 20 chances to buy a Amazon tablet before you see anything else.,1,1,16.21.0.100,2018-11-26 03:01:15,16.21.0.100
5aff2254-eb03-469f-8a04-d76992293237,A Google user,It works! That's all you want from any app. It sincronises perfectly with my desktop computer and website. Perfect.,5,0,16.20.0.100,2018-11-08 17:40:22,16.20.0.100
5caa6e8c-063c-4aeb-a7e0-6861a2852657,A Google user,"I love Amazon prime. This app recently stopped working. I was in the middle of a chat with a rep. Now it gives me the message ""device can't be authenticated"". I've uninstalled several times.",1,2,16.21.0.100,2018-11-24 13:52:27,16.21.0.100
ed4a06f0-254d-4443-9398-d5554f63bee7,A Google user,"The problem it has is the search engine. Its kinda hard to find what u want. Example; I write ""board games"" and it appears books... Really crappy.",3,12,16.21.0.100,2018-11-08 23:12:59,16.21.0.100
d73f834a-4fb7-4f84-872d-cdbdf90c67f8,A Google user,Two days in a row that my items have not arrived. I paid extra for 1 day shipping was supposed to be here yesterday and its still not here. I have amazon prime and was supposed to receive two packages today not including the one I should have received yesterday and those never came either. Im beyond annoyed. Whats the point of paying for amazon prime and 1 day shipping if it does not come when they gaurantee it.,3,0,16.21.0.100,2018-11-12 03:59:16,16.21.0.100
228327b2-39b6-4ea4-8205-0492d52d36e6,A Google user,"This apps creates a fun, easy, and delightful environment which allows you to do easy shopping for anything you may want. I would definitely recommend this app.",5,0,16.21.0.100,2018-11-13 00:34:25,16.21.0.100
b1208631-f069-450a-a12f-d92da246d352,A Google user,"Why has the Amazon shopping app gotten so laggy? If their goal is to make me shop less, they have succeeded. I have used it for years, and in the last 6 months or so it has to really become a turd.",2,4,16.21.0.100,2018-11-10 17:00:30,16.21.0.100
4fd628ee-6c27-4e06-9382-2abb0d27b48e,A Google user,"Its OK I guess, you can't get rid of the tray at the bottom unless you sign in, that's a pretty minor thing though the actual bit about shopping is good though it has everything from bananas to roombas it goid",3,0,16.21.0.100,2018-11-15 22:06:09,16.21.0.100
d76f66bc-6ee8-4de2-b96f-013871d682d0,A Google user,"Anytime I open the Amazon app it opens a link in my browser to download the amazon app store, and won't allow me to use the app. I have absolutely no reason to use the amazon appstore so being unable to use the amazon shopping app is extremely irritating",2,1,16.21.0.100,2018-11-20 08:09:44,16.21.0.100
37ec109a-4d95-4272-a57d-8735926c007d,A Google user,Sometimes things dont come when they say they will and this can be a problem when automated replies is all we get. We need responses from the seller from Amazon when things are late so we dont loose faith that we are not getting ripped off. Better customer serviceis greatly needed.,5,0,16.13.0.100,2018-11-12 10:43:57,16.13.0.100
ac995843-1c31-4854-a264-aadff68c4287,A Google user,Ridiculous failed log in. I just cannot get hold of customer service because I have 1) forgotten my pw 2) was asked to select expiration date on a MasterCard I don't recall using as a security question 3) forced back to login page everytime I click Contact Us by email.... is my account hacked???,1,3,16.21.0.100,2018-11-14 15:53:55,16.21.0.100
d8b42efb-b6fd-424d-8653-89723830c9bc,A Google user,"App not stable, when I tap on the search box it goes back to home screen without any reason. Very annoying please fix it.",3,0,16.21.0.100,2018-11-23 12:54:23,16.21.0.100
cb2c8fd8-6e51-40a8-90f9-a532d556f992,A Google user,Broken after accepting to join AmazonSmile. Needs update or it's on app possibly? Also tried opting out to check if that resolved the issue but could not find how to navigate there.,4,12,16.21.0.100,2018-11-10 04:03:32,16.21.0.100
c7a59803-3511-4666-83e4-a8f4f88e77e7,A Google user,"Robbing scum who damaged my property and refused to deliver an item that would easily fit through mail box. This is just the latest 2 reasons in a 2 year long list of why not to use this company. They claim to be the world's most ""customer-centric"" company, they are an absolute farce!!! Avoid like the plague",1,12,16.21.0.100,2018-11-17 06:04:54,16.21.0.100
375bdd01-36dd-4abf-a6ba-40b9124268e4,A Google user,The app is great but every few weeks I have to uninstall and reinstall. The app suddenly won't open or work until I reinstall it.,4,1,16.21.0.100,2018-11-11 17:34:19,16.21.0.100
b6b1b644-0676-4e76-b542-20e1d8f6ac4c,A Google user,New version forces you an Amazon prime sign in screen every few openings. Trickery!! Locks up adding things to wishlist. Old app was better.,1,0,16.20.0.100,2018-11-04 22:54:46,16.20.0.100
a0e2f74a-1d8a-4284-9efb-ffaef983240f,A Google user,"Amazon, I love buying from you but you are losing your grip on product descriptions and customer questions. I am coming across many false ads recently. This is bad business amazon.",3,0,16.20.0.100,2018-11-22 09:39:22,16.20.0.100
d6a990bc-1cc4-4b92-bbb5-0a7cf27f3548,A Google user,"Always the go to place to order online, quick service.. Usually the better prices. Very rare do I ever experience a bad one with amazon.",5,0,16.5.0.100,2018-11-11 08:02:49,16.5.0.100
a592ea63-e28d-4d59-9e9f-0a544166ba01,A Google user,Not really sure what's going on with Amazon prime products taking longer than two days for delivery. Not concept of convenience for an annual fee.......considering not renewing if this keeps up,3,37,16.21.0.100,2018-11-09 19:54:49,16.21.0.100
720f2222-e9e7-4325-94c8-bc60317377ea,A Google user,"The app crashed every few minutes, and would then forget who I am, making me authenticate myself repeatedly. I really want to spend my money... I just wish the app worked.",2,0,,2018-11-09 18:56:41,
0fe3dd02-dde4-4246-961d-fb8da9009a26,A Google user,SMILE! Have liked looking on the amazon app but then had to go to website for smile donations. Now they work on the app. Quick and easy to use. Keeps wish list.,5,2,16.21.0.100,2018-11-14 20:46:35,16.21.0.100
39fb96c6-5c08-4f8e-9dc6-633a4d850dfd,A Google user,"Barcode scanner does not work at all. Going back to using the old version, which I thankfully still have installed.",2,4,16.21.0.100,2018-11-10 03:14:17,16.21.0.100
b092242c-2487-4278-8494-db9febc6122f,A Google user,"Great functions as you can track your package and it helps you search for price range and reviews, it loads alot faster than the website.",5,1,16.21.0.100,2018-11-13 23:27:31,16.21.0.100
5ee5848c-13b9-46fd-b3b0-7d37b85c7eb3,A Google user,Service kinda sucks now. Their prime day is a joke compared to Black Friday. Oh and paying 120 to get your stuff with two day shipping is a myth now. I'm writing this review cause this is like the millionth time(it's in the double digits now I lost count) that my stuff is late. So if you plan on paying for two day shipping service don't do it with Amazon it'll be late when your expecting it.,1,14,16.21.0.100,2018-11-29 23:30:30,16.21.0.100
5cdfd294-aa8e-4089-bf2d-4016cbcee8b5,A Google user,"I have never been able to get this app to function, even on different phones. Which really stinks, since I love Amazon.",1,0,16.12.0.100,2018-11-19 19:07:54,16.12.0.100
540f13ad-b570-4fc3-9aec-aa32e169a371,A Google user,"Love Amazon's product selection, reasonable prices, fast Prime delivery and easy return if there is a problem.",5,1,16.20.0.100,2018-11-07 23:18:48,16.20.0.100
d66b9c9a-3da9-414a-93ab-408e6931b63c,A Google user,"I have gotten very valuable deals, lots of savings on items needed with what little money I get. This is a fabulous app. GET IT!!!!##",5,0,16.20.0.100,2018-11-02 17:35:18,16.20.0.100
4d825c85-79a2-4005-b71d-a1c2613fbc30,A Google user,"This is the app that i most frequently use for online shopping .easy to use and intuitive .delivery prices are steep .otherwise no compaints .perhaps diversify to accommodation ,spa days etc .thank you for inviting me to comment",5,5,16.20.0.100,2018-11-07 12:34:33,16.20.0.100
59310731-c203-4588-ab14-4bd4df9e29a6,A Google user,"I hate to shop online but i love shopping on Amazon. I can find anything im looking for, from tools for work, party supplies, gifts, etc.",5,0,16.20.0.100,2018-11-07 01:44:10,16.20.0.100
94986f70-a5de-41fb-b0bd-bab1b1b34abd,A Google user,The app crashes and shows pictures of dogs Everytime I click on a product. Very frustrating.,1,1,16.7.0.100,2018-11-29 00:30:18,16.7.0.100
5f8373eb-8758-4e31-8cca-069054aec061,A Google user,excellent app easy to navigate they go above and beyond to make sure your experience as a customer is the best!,5,0,16.20.0.100,2018-11-05 20:52:43,16.20.0.100
45410267-96f1-4121-b86c-cecf561e37df,A Google user,"Well at the moment there is a bug where for no reason it uninstalled and I can't reinstall it because ""another user installed an incompatible version"" but if that gets fixed 5 stars",3,1,,2018-11-20 09:07:47,
6a472921-c2a2-413f-b3b2-9cbe052d8f1b,A Google user,"I downloaded this for the Cyber Monday deals. Of you click on daily deals, you end up in a dead end and it doesn't list the current deals anywhere",1,0,,2018-11-23 07:26:58,
8a53d43e-50fd-4e71-bc7f-77040c3ced33,A Google user,I really love the new delivery update feature and that it allows me to see how many stops away it is! Super cool!,5,0,16.21.0.100,2018-11-29 00:32:27,16.21.0.100
d8c3b17b-71b8-4136-9f63-55a5c178f825,A Google user,My app doesn't show which items are Prime. I've reached out to Amazon multiple times and they can't help me.,1,0,16.20.0.100,2018-11-13 01:16:52,16.20.0.100
092282f2-a3f9-40d4-9ee3-4de95557bbd8,A Google user,"Ever since the update took out the older style barcode with the red line,it no longer reads barcodes.Both my Samsung s7 edge and Galaxy J7 phones.",1,1,16.20.0.100,2018-11-05 23:09:01,16.20.0.100
f73b8ea7-7807-47be-8892-effd61ebd1c9,A Google user,This app never works! It crashed every time I tried to use it. Uninstalled and just go to the website directly,1,0,16.12.0.100,2018-11-09 21:31:05,16.12.0.100
4082b5e6-cb98-47bf-b2ea-7d0509f024df,A Google user,"Incompetent customer care.   If things are going smooth, then it's okay but once things starts to go south, they are the worst people to deal with. Completely bogus customer care.",1,0,16.13.0.100,2018-11-22 06:49:34,16.13.0.100
9f40e1b6-e485-4180-a116-4e31d1875d4f,A Google user,This is the 3rd time I have installed this app on my new S9. Every time it works for a few days but then stops opening.,2,0,16.17.0.100,2018-11-23 12:11:36,16.17.0.100
c467c45a-a8ea-4602-9272-81faba6c06eb,A Google user,"Keeps opening at prime buying page, making it really easy to accidentally buy prime. This is despite having a prime family membership.",2,0,16.20.0.100,2018-11-08 16:43:57,16.20.0.100
ef8b0283-1c95-4a55-a33a-f8d8e2f1f5c7,A Google user,Only thing is sometimes the app doesn't open when I want it to. I have to uninstall and reinstall it every time,3,0,16.21.0.100,2018-11-27 21:39:53,16.21.0.100
10b6f1af-54e3-408a-a7a4-f72736d572fe,A Google user,I've always loved Amazon. I am installing it again! So so so many things sold on Amazon that will make your head spin!!,5,0,12.9.0.100,2018-11-02 17:32:00,12.9.0.100
e9ead633-3841-49f6-8b24-5e5b2ee554ef,A Google user,I love this app! It gives you many options. Love the free shipping with Amazon Prime! You can't go wrong with Amazon!,5,1,16.21.0.100,2018-11-15 21:37:34,16.21.0.100
0212783f-4d8b-41ff-99ed-e45d399cc23d,A Google user,"On my Samsung, the App stops working. I have to disable then install it again. Just annoying.",3,1,16.21.0.100,2018-11-26 18:56:40,16.21.0.100
e5f4fcb2-7348-4985-9ce0-d7d161c6cc2d,A Google user,"This app sucks, constantly has issues. I can't even make a purchase with it for all of the ""Oops"" messages.",1,0,16.21.0.100,2018-11-28 03:03:14,16.21.0.100
1d1cab7d-36ea-4358-8ed8-a7ec78d5062a,A Google user,Just started using this and I absolutely love it . I have been buying stuff every week and if it doesnt work out I can return it. Getting amazon prime right now!,5,3,16.21.0.100,2018-11-27 07:29:09,16.21.0.100
78d11cc0-7283-46e4-97f1-dc0356b9679f,A Google user,Aggravates me that 1-Click or swipe purchasing doesn't let me choose shipping methods. A prime item switched to no rush shipping. Please fix and I will revise to 5 stars.,3,1,16.20.0.100,2018-11-05 14:49:08,16.20.0.100
ba8962c4-1714-4738-b92a-2582b4ac804b,A Google user,I was reinstated and billed for a prime student account that had been canceled and inactive for YEARS this month. The help chat was very unconcerned about it and couldn't even spell correctly.,1,0,16.20.0.100,2018-11-08 10:11:06,16.20.0.100
92838bf4-127e-4d6b-b962-e980fb3fec3c,A Google user,Can't copy and paste my password to login or use autofill to fill it directly from my password manager. Will update review once these capabilities are implemented.,1,2,16.21.0.100,2018-11-14 18:44:06,16.21.0.100
4c1880ca-e000-4512-9660-3ac91df0b560,A Google user,Memory hog=used used up nearly a gb after using for a very short period of time. Kept going back to home when refreshing. ‚úå PEACE üíô BLESSINGS üëº,1,0,,2018-11-25 13:00:03,
9f8b939e-1868-44d1-adae-5b39d981309f,A Google user,I honestly do all of my Christmas shopping on here and I love it so much! It helps me out during the holidays and I don't have to deal with stores!!,5,1,16.21.0.100,2018-11-18 21:07:00,16.21.0.100
276d90e1-f614-4c6b-9494-7e5ae3c2c8e9,A Google user,This Amazon app turn my cell phone into a billboard for ads when I turn it on the screen no matter what app I open up advertisement keeps covering the screen I don't like that that's why one star,1,0,,2018-11-28 15:49:51,
34fa95f8-747b-4d4f-aafa-2df33025fca7,A Google user,Don't believe promotions to download this app. I dled and made a purchase as describe only to learn it was a scam for them to get me to use the app and collect my info,1,0,16.21.0.100,2018-11-20 08:31:16,16.21.0.100
a4f1d50f-8d19-4818-b819-aa89633b84b6,A Google user,"Amazon boxes say to use camera to scan max for a holiday surprise, but the app doesn't allow it. Is there an update coming?",4,0,16.21.0.100,2018-11-27 22:31:16,16.21.0.100
d7fc5e70-3664-40ec-a0d9-1b7369261e0b,A Google user,"Just as good as using computer, i find the app is faster. Would give 5 stars if it was easier to swap accounts faster.",4,1,16.21.0.100,2018-11-17 12:16:47,16.21.0.100
e3142a4d-2ec7-4560-b226-80b24b88dc6a,A Google user,Security issue with Amazon. Not sure if it's the app or the store itself. Please beware if you are installing/using this app.,1,0,16.21.0.100,2018-11-23 08:33:39,16.21.0.100
1cccd88e-4ec2-4867-9b76-2f2bc93b2073,A Google user,I hate clicking on a product ad that forces me to download the app in order to see the product. Which i will never do.,1,0,6.0.2.100,2018-11-30 05:56:55,6.0.2.100
c3888a61-f06d-4c15-9f6d-8861240dfb09,A Google user,"Your verfication process via email is not user friendly, when toggling between phone email app and amazon app. Amazon browser logon eaiser",2,0,16.21.0.100,2018-11-24 01:44:06,16.21.0.100
c9f3fca2-2151-4a76-8b77-c2564520be02,A Google user,Giving this app a 1 star because they removed the ability to log out of your account. I had to uninstall and reinstall it just to change accounts!,1,0,16.21.0.100,2018-11-23 18:10:14,16.21.0.100
504d3e1f-30d1-470b-99d3-59e3683499ec,A Google user,Doesn't work on my galaxy note. Just crashes and freezes my phone. No other app does this besides Amazon shopping. I am forced to access amazon through website.,1,0,,2018-11-09 04:38:17,
7e52239f-3564-4934-a47a-adf24354226e,A Google user,I really like Prime. Amazon was my company and distraction through 5 hrs. of RA infusion. I browsed . I can always find what I need.,5,0,,2018-11-02 15:36:16,
446fcfff-98c9-4a15-8b9e-1d9127a4127d,A Google user,"I would rate 5 stars, but I ordered something and it never arived. It was probably the delivery persons fault for not doing his job right. But still this is unacceptable, now I no longer trust amazon",4,21,16.21.0.100,2018-11-16 22:18:34,16.21.0.100
36265951-3dc3-4794-b263-908a2fac9346,A Google user,Ive been unknowingly paying for amazon prime for awhile now and i found out because my bank account was overdrafted and Amazon prime still charged me so now im double overdrafted and i didnt even know that could happen now i owe even more money and i havent even used amazon in months i thought it stopped charging me monthes ago and now im in a huge mess and i need someone to contact me,1,0,16.21.0.100,2018-11-24 13:26:39,16.21.0.100
735e5823-6309-44ee-b365-b1e8f25b3b58,A Google user,"Whenever I'm looking for a gift and unsure, I look on here and always find something unusual and perfect. Thanks.",5,0,16.15.0.100,2018-11-11 21:13:02,16.15.0.100
df869cae-dcde-4810-bbe1-d4121c5ffbbc,A Google user,"Good app, but it needs to stop freaking crashing!!!! You guys seriously need to fix it. It's driving me nuts!",3,1,16.20.0.100,2018-11-01 00:33:00,16.20.0.100
87a9811d-1f57-4848-8817-b779771aa213,A Google user,Only thing I hate... is I am using web browser and I click on a amazon product... it opens the app. I want to stay on browser.,4,0,,2018-11-22 08:11:45,
17251371-7917-4d6f-b52f-590a9d49e0a1,A Google user,"As with most things this app and prime have gone down hill in the last year. Am stopping prime and will use app just to compare prices , from now on",1,0,16.20.0.100,2018-11-01 18:31:19,16.20.0.100
a7d41ad1-f41f-408b-8b63-5e88a6e25faf,A Google user,unable to open app from apps shortcut after few days of installing. I tried installing and rrinstalling but was unable to solve the problem,4,0,16.20.0.100,2018-11-05 03:27:26,16.20.0.100
ada8c326-6615-4410-81bd-bd25bfe2638f,A Google user,I like Amazon because their prices are reasonable on things their I like because they have all the things you can get that a reasonable and if they don't have it they will get it,4,0,16.20.0.100,2018-11-04 13:47:49,16.20.0.100
3b11c3c5-a67a-4f1b-bd2a-203d345ef305,A Google user,1st stop for online shopping. Always gives you a chance to see the going price for items not regularly purchased.,5,13,16.21.0.100,2018-11-08 21:49:21,16.21.0.100
96cf7b00-6774-431b-943f-0254b966cf3c,A Google user,"App itself works well, no complaints. Amazon itself, tax dodging and bad working conditions.",4,3,16.21.0.100,2018-11-21 19:57:53,16.21.0.100
bb6264be-8ee6-4953-bda5-50daf27ea68d,A Google user,I really like Amazon as a prime member it's really beneficial because you get 2 day shipping free on some items and access to movies and more!!!,4,0,16.21.0.100,2018-11-17 15:35:40,16.21.0.100
bc79ca0d-5eb0-42e2-b443-4f2777ee9c4a,A Google user,One of the glitchiest and most frustrating shopping apps to use on Android. Generally super clunky.,2,0,16.20.0.100,2018-11-02 00:37:01,16.20.0.100
e75c9202-b146-45e4-84bf-49dbe914c507,A Google user,Terrible app. Can't change my postal address or select free shipping. I qualify but it just crashes the app,1,3,16.21.0.100,2018-11-13 17:54:34,16.21.0.100
aad996d1-2fbe-408c-b0aa-82f968a8263b,A Google user,App has periods and crashing that make it unusable and randomly works fine at times.,1,0,16.20.0.100,2018-11-03 02:40:44,16.20.0.100
daffbebe-20ca-4cfc-b31b-dc0f3c2cf3ff,A Google user,"App constantly crashing, useless. Fix it! It's completely unusable! Rubbish",1,0,16.21.0.100,2018-11-24 22:24:34,16.21.0.100
23d1a194-eae1-48c1-a0fe-0355f1d343ca,A Google user,Just updated from Amazon Underground app to this. Now when I open it it freezes and can't be used at all.,1,0,16.20.0.100,2018-11-10 17:57:37,16.20.0.100
241569c8-c875-4de6-a708-a5f6b978809e,A Google user,Email has been changed on account. All emails go to false email address so unable to change password etc.Unable to report problem via email,1,0,16.21.0.100,2018-11-30 11:53:56,16.21.0.100
278a2338-ed17-431d-ae94-47bf9c4fcff3,A Google user,"Apps garbage. When you go to purchase, it doesn't show anything and you loose everything in your cart.",2,1,16.21.0.100,2018-11-22 19:22:50,16.21.0.100
f4923099-2c77-4f9f-a475-915969f35cc6,A Google user,The rent or buy purchase type and price filtering options for video are no longer available - ensuring that I'll be looking elsewhere until they return.,1,0,16.20.0.100,2018-11-02 04:47:09,16.20.0.100
6fb707b2-1480-4a45-b190-0a78df3d3693,A Google user,"Lately I have been an avid Amazon shopper and everything I have received has been legit and is delivered very quickly, sometime sooner than I expect.",5,0,16.21.0.100,2018-11-13 02:46:06,16.21.0.100
e04f6448-fab4-4cd8-8f17-00cf83029a03,A Google user,The only thing that bothers me about this app is when I'm scrolling random stuff gets accidently added to my wishlist.,4,0,16.20.0.100,2018-11-02 03:11:32,16.20.0.100
3a1dd2f4-e4e1-40ef-8bbb-3fc9223c84fa,A Google user,Amazon is a good way of shopping its like the new generation of shopping I think it's a big thing and its the future of shopping and I really enjoy it welcome to the future of shopping,5,0,,2018-11-28 02:32:57,
9ac0b72b-f860-4fd8-ba62-774c3d2727b3,A Google user,This app is amazing for people who live in places far away from the city. I appreciate Amazon very much for 2 day shipping as well!,5,0,16.20.0.100,2018-11-07 23:46:15,16.20.0.100
4c98384e-82e4-43b4-9fb2-0904aff9668c,A Google user,"Excellent app for shopping and managing my account, but wish it worked with Smile to allow me to help charities with going to my browser.",4,1,16.21.0.100,2018-11-17 01:45:11,16.21.0.100
cb5f635b-5972-4567-9921-cdcdc6fb5d6c,A Google user,"Don't use this app. Delete from phone. Was installed before purchase and I can't delete it. Also, too many updates!",1,0,12.2.1.100,2018-11-29 17:46:22,12.2.1.100
a37e714f-a72f-4abf-a9dd-3c67b7b90196,A Google user,"Love Amazon never had a problem with receiving my packages, never took money, items come fast on time & nicely packaged never received one broken item.",5,4,16.21.0.100,2018-11-09 19:20:13,16.21.0.100
ea3ab223-9110-40bd-8b73-4c8496d84c25,A Google user,App was working fine for about 2w then suddenly gave me problems. The app wasn't opening after I clicked on it,3,0,16.21.0.100,2018-11-26 04:32:12,16.21.0.100
e11de67b-63ef-4b16-a55a-6306db580d7e,A Google user,Always seem to have trouble getting items here in the time promised. Now it's sometimes 2 days late even when you pay extra for next day.,1,0,16.21.0.100,2018-11-27 00:38:58,16.21.0.100
860130a4-2d3c-42f7-a5ce-bb824e256229,A Google user,If you want free shipping do one day. They use shotty shipping services that will never fulfill it's timeline. Also they may give you free prime,1,11,16.21.0.100,2018-11-12 02:16:35,16.21.0.100
ada94d1e-edf2-478e-8263-4dd0839a988d,A Google user,The API is constantly failing. This app never works. Why bother helping android? I'm sure iOS needs more attention.,1,6,16.21.0.100,2018-11-24 20:40:23,16.21.0.100
bca0132d-a69c-4c02-9dac-301a85431433,A Google user,Pissing me off that I can't sign into a different account on here. It just shows the loading sign and says it can't respond. Been trying for 3 days,3,3,16.21.0.100,2018-11-13 23:13:25,16.21.0.100
64db6496-9a0a-405a-8fb0-9d648f6c2833,A Google user,When Amazon stop using USPS for shipping I will chnge my rating. Amazon saves money by shipping with USPS and those idot USPS drivers drop the item where ever their doped mind tell them.,1,2,16.21.0.100,2018-11-21 20:40:41,16.21.0.100
d62ae94a-a953-483e-a8ae-20a0658c932a,A Google user,"This app is really slow. Takes minutes to open on Nokia 6.1, and then errors on search. It is now unusable.",1,0,16.21.0.100,2018-11-29 20:55:22,16.21.0.100
362cf105-c47c-48c2-91a8-9cf5cc0db716,A Google user,I have a joint account with my husband. Says that I dont have an account ever since the switch to the new app. Now forced to shop by my computer only.,1,0,16.21.0.100,2018-11-11 13:54:11,16.21.0.100
bba187fb-140a-4847-9dfe-c5002c1d9e2e,A Google user,It force closes every time I try to use it. The other apps in my phone are functioning just fine.,1,0,16.21.0.100,2018-11-30 15:12:11,16.21.0.100
ec3767f0-77ea-4aa9-8edc-af72a4898fd0,A Google user,"Kept crashing. Tried reinstalling, rebooted, yet wouldn't work in the week I tried. Never installing again.",1,0,16.18.0.100,2018-11-13 15:22:47,16.18.0.100
34501815-8f33-4cbc-b843-0e0366d18806,A Google user,Everytime I try to start the program I get a dialog box saying Amazon shopping has stopped can't use it if it won't open I have a moto g5 plus please advise,2,2,16.21.0.100,2018-11-19 22:02:29,16.21.0.100
fd21eb48-754a-4531-94c0-684aad89e9fa,A Google user,"Ordered a new controller last month on the 7th finally got my controller on the seventh of this month. Won't be using this anymore, wait time is way to long",3,2,16.21.0.100,2018-11-09 11:52:32,16.21.0.100
1ab079a5-4f50-4361-8a7c-caf06eb591c8,A Google user,"Ever since I got my new Pixel 3 XL, the app keeps signing me out every day. Every time I open the app, I need to sign in again, which is very annoying",5,2,16.21.0.100,2018-11-15 17:15:22,16.21.0.100
c0712e63-6367-40c9-869b-f2cbb80414c8,A Google user,It's really slow and takes a long time for the page to fully loaded. Frustrating,3,0,16.20.0.100,2018-11-05 23:03:49,16.20.0.100
b5f0469e-6c8b-4b9d-a803-079c6984d7a2,A Google user,It's absolutely ridiculous that we don't get a notification if an order cancelled due to payment issues.,1,0,16.20.0.100,2018-11-04 20:02:46,16.20.0.100
98b6f2aa-2b32-4cd8-bbbb-784878e6de99,A Google user,Easy and simple to use! I use this to buy all my adorable bts stuff owo!‚ô° great shipping as well way better than any other online shopping app!,5,0,,2018-11-25 02:51:17,
19df57b7-37ce-4359-9021-27ff15b7eeeb,A Google user,You can't use split view when logging in so it's impossible to login with a password manager. Could not login.,1,0,16.21.0.100,2018-11-28 19:57:04,16.21.0.100
5d75a9d7-983a-4974-891c-616cbaac118b,A Google user,I pay a fee monthly for having my prime privilege but the app don't show me any prime stuff any more literally NOTHING its prime now and I don't even know why.,1,0,16.21.0.100,2018-11-19 13:44:07,16.21.0.100
58532a54-ce05-4d39-95c2-b13bdba49d30,A Google user,"I'd rate it higher, but be warned that if you use the back button on your phone the app may reorder items.",3,1,16.20.0.100,2018-11-04 08:52:43,16.20.0.100
c6623be3-f630-424d-930a-859fc95da3a6,A Google user,Pretty sure this app has a memory leak. Had to restart my phone after opening. please investigate.,2,7,16.21.0.100,2018-11-10 21:51:17,16.21.0.100
2088ec30-9fdb-436e-b337-62e08ffa0559,A Google user,1st place i go for any gifts or general items. 9 times out of 10 its cheaper too without having to deal with highstreet arrogance,5,5,16.21.0.100,2018-11-09 21:26:29,16.21.0.100
358f60ff-8de5-4159-9b2b-1b7d995a5c7f,A Google user,"I uninstalled for security issues. Having just installed and had a preliminary 'look-see', I then couldn't work out how to sign out? So, uninstalled 'til I know how.",4,1,16.20.0.100,2018-11-10 19:19:25,16.20.0.100
0f676ab2-6481-4bf1-b2ad-819c2ff1b267,A Google user,"This Apps is so awesome because it have so much stuff for you to choose from and very reasonable price , good quality and very cheap",5,1,16.21.0.100,2018-11-11 11:18:28,16.21.0.100
dc55a831-63fd-4244-a3ad-b58eb6e590f0,A Google user,App fails every time I try to use it with a sad puppy and a useless error message. Cannot recommend.,1,0,16.20.0.100,2018-11-04 00:25:57,16.20.0.100
169fd097-c182-48b7-b2a8-435bb202e297,A Google user,Amazon is great. They have a great selection love everything and prices are very good!,5,0,16.20.0.100,2018-11-08 02:53:49,16.20.0.100
80493f78-3c36-4f5c-b919-23d3de6f729a,A Google user,Love Amazon & Prime! Just make sure it's always updated or you'll spend hours loading even the home page!,4,0,16.11.0.100,2018-11-17 09:12:38,16.11.0.100
9cda9485-cbfe-43c3-9178-56a0a066375a,A Google user,I have been buying from amazon for a long time now and I have never had a problem the items have been good deliveries on time happy me,5,0,16.21.0.100,2018-11-28 15:55:18,16.21.0.100
ab18c466-df80-4788-98a4-7b4158626da5,A Google user,"The app previously did not work, but with a quick response from the support team, it now works great.",5,0,16.21.0.100,2018-11-28 07:15:02,16.21.0.100
c72f78b5-90aa-4839-a7a4-78ec13faf940,A Google user,"I just want to look and save in wishlist for now,,,Can't view any or ask questions.lm working out as I learn.Cant hit correct letters Let's find an easier way.",1,6,16.21.0.100,2018-11-10 22:23:16,16.21.0.100
91371989-9765-4126-b8ed-5bd40621c785,A Google user,It's amazing you can always get a whole bunch of new stuff and it comes actually when you actually want it not wish it's just not do that,5,0,16.20.0.100,2018-11-03 11:37:17,16.20.0.100
96007145-f475-4e48-ba79-b883b7e57b08,A Google user,I love the app but every time I look at something it pops up saying something went wrong and I have to go back to the home screen,3,0,16.20.0.100,2018-11-01 12:32:15,16.20.0.100
46393e57-7d67-4c7b-ae39-0e8901bf5276,A Google user,Overall I think Amazon is a good company and there app is great as well. More item options would be awesome.,5,0,16.21.0.100,2018-11-16 19:19:19,16.21.0.100
2f10f8f5-4c13-41ea-9cee-ecbef516cd60,A Google user,I just learned that billions $ company have no third party buyer security... so there are too many scammers taking money from buyer's and I was thinking Amazon was safe for online shopping..ü§Æü§Æü§Æü§Æü§Æü§Æü§Æü§Æü§Æü§Æ,3,3,16.21.0.100,2018-11-20 01:02:02,16.21.0.100
ba6cf184-49d0-4218-b6d2-c88d887a6dcb,A Google user,The app keeps crashing when I click on an item. Very annoying.,3,0,16.21.0.100,2018-11-25 21:49:08,16.21.0.100
9a4ff42a-1247-46a6-8e04-cfba930e0e3f,A Google user,The advertisement was for a turntable but when you click on it it only goes to the app page for installation.,1,0,14.2.1.100,2018-11-23 12:57:38,14.2.1.100
9cf238b7-5921-465e-b8c3-eacad78e3f7e,A Google user,Great outlet with very helpful service. Immense selection with prompt return and no dispute .,5,0,16.20.0.100,2018-11-07 02:57:12,16.20.0.100
ba9a1ab6-6f11-4d5f-9999-180970010ad0,A Google user,Prime member and ordered 2 day item then they lost 3 of my packages then offered a refund and $5 credit for my troubles. A damn joke.,1,0,16.21.0.100,2018-11-29 09:17:09,16.21.0.100
e09a40da-97e9-4d15-8bdc-3678b66d3cbf,A Google user,I love this app üíôyou can buy things with great deals an add them to your list. You can write reviews and read reviews so you know either to but the thing or not.,5,39,16.21.0.100,2018-11-25 20:52:11,16.21.0.100
ed8d9722-c708-47e7-9fa7-1136a0eecb83,A Google user,Makes shopping quick and easy. I really appreciate the free shipping on Amazon Prime.,5,2,16.21.0.100,2018-11-20 13:25:00,16.21.0.100
ad831410-131b-47f1-88e4-c108c7fc14a3,A Google user,I love the free shipping and handling. Makes shopping on Amazon more enjoyable.,5,2,16.21.0.100,2018-11-11 21:48:17,16.21.0.100
e3d4604c-96f2-4c74-a9ce-5be3c8102c0b,A Google user,"Please add English language to Italy region not everybody in Italy can speak italiano, the app is just impossible for foreigners who live here to use.",2,1,,2018-11-09 07:15:32,
4148a21e-8962-40dd-967e-dd8cee2b6bd0,A Google user,I've found some awesome buys! Also items are priced well..ships at a timely manner! I'm HOOKED!!,5,2,16.21.0.100,2018-11-24 15:02:13,16.21.0.100
c2ba74bb-c214-4d5a-95fa-c96ffb1beb9b,A Google user,Great app but will no longer open. Tried uninstalling and installing again with no luck. So frustrating!,2,0,16.20.0.100,2018-11-03 20:55:59,16.20.0.100
3fdd8a30-612f-4a39-b246-ab7ecd434863,A Google user,"order does not display after it clearly went through. support will not help. poorly made app, awful company.",1,2,16.21.0.100,2018-11-23 15:56:01,16.21.0.100
51a5e15f-6d51-4df4-8973-d8a9b6f877e1,A Google user,"Thanks for a good app and ectüòéüòéüòéüòéüòéüòéüòéüòéüòéüòéüòéüòéüòéüòéüòéüòéüòéüòéüòéüòéüòéüòéüòéüòéüòéüòéüòéüòéüòéüòéüòéüòéüòéüòéüòéüòéüòéüòéüòéüòéüòéüòéüòéüòéü§óü§óü§óü§óü§óü§óü§óü§óü§óü§óü§óü§óü§óü§óü§óü§óü§óü§©ü§©ü§©ü§©ü§©ü§©ü§©ü§©ü§©ü§©ü§©ü§©ü§©üòÉüòÉüòÉüòÉü§£ü§£ü§£ü§£ü§£üòÑüòÑüòÑüòãüòãüòãüòãüòÄüòÄüòÄüòÄüòÜüòÜüòâüòâüòâüòâüòâüòâüòâüòâüòâüòâüòòüòòüòòüòòüòçüòçüòçüòçüòçüòçüòçü§óü§óü§óü§óü§óü§óü§óü§óü§óü§óü§óü§óü§óü§óü§óü§óü§óü§óü§óüòéüòéüòéüòéüòéüòéüòéüòéüòéüòéüòéüòäüòäüòäüòäüòäüòäüòäüòäüòäüòäüòäüòäüòäüòäüòäüòäüòäüòäüòäüòäüòäüòäüòäüòäüòäüòäüòäüòäüòäüòäüòäüòäüòäüòäüòäüòäüòäüòäüòäüòäüòäüòäüòäüòäüòäüòäüòäüòäüòäüòäüòäüòäüòäüòäüòäüòäüòäüòäüòäüòäüòäüòäüòäüòäüòäüòäüòäüòäüòäüòÖüòÖüòÖüòÖüòÖüòÖüòÖüòÖüòÖüòÖüòÖüòÖüòÖüòÖüòÖüòÖüòÉüòúüòúüòúüòúüòúüòúüòõüòõüòõü§îü§îüòùüòùüòùüòùüòèüòèüòèüòèüòèüòèüòèüòèüòèüòèüòèüòèüòèüòèüòèüòèüòèüòèüòèüòèüòèüòèüòèüòèüòèüòèüòèüòèüòèüòèüòèüòèüòèüòèüòèüòèüòèüòèüòèüòèüòèüòèüòèüòèüòèüòèüòèüòèü§ëü§ëü§ëü§ëü§ëü§ëü§ëü§ëü§ëü§ëü§ëü§ëü§ëü§ëü§Øü§Øü§Øü§Øü§Øü§Øü§Ø‚òπÔ∏èüò≤üò≤üò≤üò≤üò≤üò≤üò≤üò≤üò≤üò≤üôÉüôÉüôÉüôÉüôÉüôÉüôÉüôÉüôÉüôÉüôÉ I am very interested in the whole scheam of this product and everything is going well and ect.... Thanks so much for your help and support and ect forever üòéü§óüôÇ and everything and,... thanks so much Ok I am very much excited",5,2,16.21.0.100,2018-11-12 14:51:20,16.21.0.100
4995ff8c-8e12-47bf-90a6-411a8f3ba952,A Google user,AWESOME!! you can buy anything imagined! Sometimes they have giveaways of cool stuff! I recommend this app to all you shoppers!,5,0,,2018-11-12 12:15:50,
c3470ac0-2941-4a2b-82d8-8dbde7d8c0e9,A Google user,Fix the damn app already. How did I know not to update this SOB!! Force closes constantly...how many months do you need to fix this?,1,0,16.19.0.100,2018-11-24 01:25:13,16.19.0.100
50f8a776-386d-43e9-8d57-e5ede5c05007,A Google user,Great App love that I can monitor my baby tablet from anywhere...give a 4 because there is always room for improvements,4,0,16.21.0.100,2018-11-26 08:45:43,16.21.0.100
928c66d1-f188-46ac-92f6-07f84f847f08,A Google user,Only downloaded the app to get my $5 credit with Prime but it doesn't get past step 2 requirement no matter what I do.,1,0,16.20.0.100,2018-11-04 21:04:01,16.20.0.100
b8746e8a-3d13-462a-9c04-d0464302eb53,A Google user,"There is a bug on the pixel 3 when swaping product pictures. ""Whoops something went wrong"" message",3,3,16.21.0.100,2018-11-10 14:11:17,16.21.0.100
ba8e540c-7750-4b14-9da8-3f59d6ba7105,A Google user,Hate using this and the prime video app as neither will remember your username and password need to get this sorted as thus used to work before they upgraded awhile back,1,0,16.20.0.100,2018-11-02 10:44:39,16.20.0.100
180036c0-4e9b-4a4f-adc8-175cfe3cc600,A Google user,"Amazon is great. Reviews are unreliable, however, the customer service is terrific.",3,0,16.21.0.100,2018-11-30 04:40:28,16.21.0.100
8ce8a376-0ce6-4c84-b6a7-414cf4ba028b,A Google user,"I love amazon, I consider myself a shopaholic I love to shop and this app has such a great variety of products.",5,0,,2018-11-04 13:53:01,
db63d6bd-9e64-444c-8800-4fc00f9cbea8,A Google user,Thanks for all your help got hacked so but helped all you could first person great because of the stroke I had.,5,0,16.15.0.100,2018-11-03 15:36:24,16.15.0.100
3ed882ae-7af3-41e4-901c-65b62cc92dc9,A Google user,the thing is such a nap if you need to buy something you can easily just get it it's like the easiest way you have to get out and get in public and stay home and stay in pajamas,5,1,,2018-11-06 20:39:20,
fd5d49e5-45f0-4de2-b280-54452476b0ef,A Google user,"I AM OBSESSED WITH THIS APP GREAT GRAPHICS,GOOD DEALS,AND I CAN'T EVEN EXPLAIN HOW MUCH I LIKE THIS APP I can get practically anything on this app I love it that you who ever made it!!!!",5,0,,2018-11-06 03:31:26,
e461d776-1b91-4e8e-8d20-ff9cbadf3e8a,A Google user,I used to like this app but then I ordered a package for about 40 dollars and it never came and I never got any refund. It's very risky to shop on this app/website.,4,1,16.21.0.100,2018-11-30 12:40:01,16.21.0.100
efccbe80-8fa7-4ebc-8254-2e6bb7a8cc4f,A Google user,"It's good; in my opinion, safer then eBay: anyone can post anything on eBay; well only companies can post on Amazon from my knowledge.",5,0,,2018-11-24 04:21:40,
23336e1d-3370-4dc1-85c6-234f0d7b7a34,A Google user,This is a webbrowser on top of webpage. UX is terrible. Don't bother to install. Just use website.,1,2,16.21.0.100,2018-11-25 10:00:13,16.21.0.100
06c54b39-3b33-485b-946f-d09b6eb559bb,A Google user,I always find what I need and even things I really don't need. The best site to comparative price shop. There's nothing you can't find on Amazon,5,0,16.21.0.100,2018-11-19 18:15:22,16.21.0.100
c057ad4a-cccd-4fc5-a8bc-95dadef330a0,A Google user,Great app. You can buy all types of things. Best shopping app i know of. I would totally recommend.,5,45,,2018-11-26 01:44:53,
4b88af52-3d73-434e-88b3-c0a07cd2af12,A Google user,Ever since the recent update i can't even open the app successfully without it malfunctioning and shutting down!,1,0,16.21.0.100,2018-11-27 19:27:23,16.21.0.100
73413b3f-ac17-47bf-aab2-149ef638314d,A Google user,It crashes frequently and you have to reset your phone to make it work again.,3,1,16.21.0.100,2018-11-28 17:51:50,16.21.0.100
967ff3e2-b625-4995-a3e0-8015f0cbc92b,A Google user,The one day you need the app black Friday and it won't open despite everything. Ridiculous you've lost my custom today and forever,1,2,16.21.0.100,2018-11-16 15:31:10,16.21.0.100
ff61f34b-fe46-492c-be43-981266504796,A Google user,first time i gave the order and it lost i didt het it the tracker showing delivered...but i didt get it costumer care said the will refund it let see when i will get it...i am scared to give the order again,1,0,,2018-11-23 08:21:43,
f1575e62-5328-4dbb-a0d4-3e6bb7dd641b,A Google user,I give one star because i see something was advertised on FB advertised by Amazon I like to buy it but it take me to download the App but i don't I like like to download the app.,1,0,,2018-11-04 19:31:03,
64edb280-9310-4a46-bbf4-b7ea7ea982b2,A Google user,"I love Amazon, it's great to be able to get on one app and just about order anything you want!",5,0,,2018-11-06 11:46:18,
cf14c556-fd73-434d-aad3-94fee100d7e3,A Google user,Best app to shop for anything and for everyone! Especially when being a prime member the deals are amazing,5,0,16.21.0.100,2018-11-28 06:48:52,16.21.0.100
1bd10910-6206-4dea-b27a-3a1ae0c04d3e,A Google user,I have resently changed my phone and number now I find that I cannot proceed to buy goods if I do not get satisfaction I have no alternative but to cancel my subscription,1,0,16.21.0.100,2018-11-17 16:13:39,16.21.0.100
4e4f19f9-c6ad-4322-acb9-d8a3cff728b2,A Google user,Accidentally left this app open and it somehow burned 2 gigs of data in a matter of minutes.,1,0,16.21.0.100,2018-11-13 21:22:03,16.21.0.100
387fc320-5f1e-4cef-8ce7-4f79a4a454db,A Google user,Very worst online app where delivery boy returns the product without any information and show to the company customer refuse to receive the product. I m avoiding amazon now.,1,0,,2018-11-17 02:17:49,
919a603f-b021-4af7-bc24-4972fba9a392,A Google user,Perpetually stuck on login screen. I give my credentials and get redirected back to login.,1,2,16.21.0.100,2018-11-26 16:12:18,16.21.0.100
5fbbce6b-ae79-45a0-9559-96c8d93fc590,A Google user,It's okay and prompt delivery although have had perfume and other stuff stolen from the delivery person but amazon did not respond...,4,0,14.2.1.100,2018-11-05 01:13:13,14.2.1.100
8b8aef83-883d-415c-a481-36acbbce6839,A Google user,Unable to switch accounts within the app. Poor app design and poor customer service,1,7,16.21.0.100,2018-11-12 02:38:49,16.21.0.100
04e3b0b4-ee73-4af3-822c-d7e83650895b,A Google user,I absolutely love Amazon all of their merchandise is a good quality and it always comes when it's supposed to,5,1,16.20.0.100,2018-11-08 13:52:43,16.20.0.100
31814eb9-42f3-45cc-9fe6-5c0bab780524,A Google user,"NOT, not interested in shopping with Amazon. Will never update product stop asking!!",1,0,16.12.0.100,2018-11-08 09:04:05,16.12.0.100
e6361522-8076-46eb-8a55-72d6b5cfd347,A Google user,"It's fast, gets me to where in actually trying to get to. Works flawless. üòéüòä",5,0,16.21.0.100,2018-11-28 05:44:11,16.21.0.100
84e3eb46-1e70-47b8-b15e-978435fec197,A Google user,I love it my friends and I find really cute stuff and we buy it to give it to each other and we still have them but we mostly get the rosegold stuff like braclets and necklaces and rings and etc... I love it,5,1,16.6.0.100,2018-11-27 02:09:25,16.6.0.100
9b9a8d28-9b2a-49e7-b569-2bc51bbcc42d,A Google user,Easy to use and love the convenience of being able to compare price of items while shopping.,5,0,16.20.0.100,2018-11-08 14:19:43,16.20.0.100
